Player	Total Views	Total Matches
Mkleo	17017607	156
Sparg0	9021547	141
Acola	6149499	127
Riddles	6050967	109
Light	4948904	149
Glutonny	4667719	131
Kola	4520772	103
Sonix	4164484	140
Tweek	3834606	115
Tea	3731849	94
Kurama	2907862	38
Dabuz	2741051	114
Cosmos	2693072	104
Zackray	2565144	48
Marss	2561146	47
Skyjay	2375487	56
Fatality	2221475	36
Miya	2053351	121
Zomba	2011189	125
Sisqui	1866444	82
Shuton	1815812	111
Maister	1782449	83
Gackt	1626122	95
Onin	1620220	39
Protobanham	1599902	26
Asimo	1444754	73
Kameme	1330408	51
Muteace	1297626	81
Ken	1230172	90
Chunkykong	1203842	33
Scend	925088	52
Tilde	901902	52
Big D	875713	35
Shadic	875627	58
Ned	875193	30
Leon	866946	35
Yoshidora	755458	47
Hurt	752323	39
Apollokage	751047	65
Bloom4Eva	715794	33
Hikaru	664831	11
Shinymark	660396	31
Hero	660092	25
Bassmage	659096	33
Peanut	616109	31
Goblin	598298	81
Jakal	510408	38
Ddee	489849	19
Jake	489463	36
Neo	471133	34
Larry Lurr	466426	30
Abadango	465903	26
Quik	459393	13
Tarik	451127	31
Chag	430733	49
Quidd	423001	11
Vendetta	422615	28
Lima	415547	57
Wadi	401516	17
Jahzz0	386872	43
Snow	386113	22
Beastmodepaul	351847	35
Webbjp	333556	26
Regalo	323950	12
Anathema	323655	46
Andrik	310834	33
Luugi	309501	10
Dark Wizzy	307906	23
Quandale Dinglelingleton	304257	19
Yonni	297557	24
Lui$	274415	40
Guilheww	267879	13
Atelier	267122	21
Mr. E	261528	40
Void	260794	14
Raflow	256948	32
Mkbigboss	255181	47
Chunky	248867	11
Andresfn	245082	11
Omega	240822	34
Syrup	229399	29
Bacon	227760	13
Mr. R	225694	30
T3 Dom	222908	15
Mvd	202880	25
Paseriman	197116	25
Nicko	196384	10
Elegant	194987	3
Ouch!?	193776	22
Hungrybox	184364	16
Nao	182530	17
Raru	179749	15
Kobe	177766	34
Chase	177204	26
Aaron	174445	31
Kome	170713	22
Flow	169543	12
Rizeasu	166512	7
Nitox	156549	14
Yaura	156487	22
Doramigi	154178	22
Tamapdaifuku	151496	15
Ling	146926	29
Wrath	146000	29
Jdizzle	143453	8
Drybie	139539	6
Loaf	137669	14
Nagare	137569	2
Peabnut	136173	25
Akakikusu	133573	17
Capitancito	128030	24
Yoda Cage	123813	15
Cloudy	123402	19
Axiom Xl	121784	10
Smub	121748	16
Naetoru	119574	9
Armadillo	119458	12
Shogun	112692	13
Myran	112095	15
Sakana	108485	8
Umeki	108064	36
M0Tsunabe	103479	11
Wildz	102503	12
Beast	100436	36
Alandiss	99590	21
Esam	99119	4
Masa	99114	12
Mugen	97944	17
Moxi	96002	7
Mpg	95895	6
Jogibu	95222	16
Deathspade	94544	8
D3_Will	93670	8
Takera	91032	16
Rimu	90482	12
Waka	86281	19
Icymist	85621	13
Delta	83888	23
Brood	83188	4
Tsubaki	78998	7
Whydo	77884	10
Bonilla	76156	9
Kept	75542	16
Superdog	73462	10
Rivers	72344	10
Reno	68167	4
Sinji	67010	18
Jazar	64820	9
Kaninabe	64633	14
Nietono	64578	12
Motsunabe	63328	7
Lv.1	62917	8
Rarukun	62287	8
Javi	62256	17
Kiyarash	61513	4
Space	60211	17
Creepooba	59523	3
Oolong	57737	7
Suarez	56558	14
Atomsk	56039	4
Nair^	54801	7
Enhancedpv	54773	10
Naitosharp	54378	10
Mustaine	54005	10
Squidplumber	53607	15
Shirayuki	53018	6
Skittles!!	52714	7
Lancelot	52561	7
Mad Ice King	52497	2
Jejajeja	51100	2
Many	50209	9
Phuzix	50146	6
Raptor	50009	8
Dominator	49862	16
Colorondo	47883	10
Mercury	47307	2
Omuatsu	47002	3
Peli	46992	10
Gachipi	46202	9
Ogey	45714	8
Crepe Salee	45260	4
Smokk	44199	5
Oryon	44165	9
Iceknight	43889	4
Alice	43222	7
Kyo	42230	17
Justice	41691	10
Alternis	41069	9
Shoe	40609	10
Akasa	40338	5
Pkchris	40257	12
Supahsemmie	40153	13
Nessboy12	39945	1
Yamanaction	39894	12
Hyperkirby	39846	2
Bernie	39817	4
Dieg0D	39382	2
Deltaforce	39143	5
Ignaize	38908	4
Sauce	38556	7
Wasabi	38174	9
Pink Fresh	37836	10
Chocotaco	37584	8
Quinn	37281	14
Teaser	37246	11
Candle	36015	11
Karaage	34909	10
Geist	34277	9
Grape	33926	11
Pelca	33586	11
Nata	32849	2
Tomberry	32589	9
Kirbykid	32401	2
Peachfuzz	32131	3
Frawg	31367	12
Toura	31316	7
Osusix	30820	2
Zhenyou	30458	1
Apple	30154	8
Arsenic	29570	6
Emass	29488	8
Huto	28938	9
Raarchyor	28780	5
Sintro	28762	8
Djdon	28528	5
Doorstop	28435	10
Atomic	28292	6
John Numbers	28113	11
Mezcaul	27703	10
Br1 Av	27495	3
Mute	27405	5
Beastly	27295	17
Homika	27111	13
Javi On Earth	26983	2
Bloodynite	26927	4
Notag	26878	4
Atreus	26713	6
Bonk!	26538	5
Monte	26270	13
Synergy	25839	8
Mrlasagna	25674	2
Guyguy	25369	15
Nexus	25360	9
Nessneo	24876	1
Kyros	23509	4
Henry Luma	22723	3
Taikei	22550	13
Justinbyleth	22542	6
Coldweatherr	22329	1
Repo	22057	8
Toriguri	21857	8
Skeleton	21791	4
Lemmon	21757	9
Tm7_Zap	21754	6
Mikanzuya	21500	1
Neeroz	21397	10
Kyon	21233	6
Tarakotori	21076	5
Sandstorm	20786	4
Tuden	20550	2
Leaf	20350	7
Ddog	20287	8
Ridel Castro	19919	3
Juanpi	19483	10
Riku	19429	10
Trim	19384	14
Karflo	19320	8
Mystearica	19291	6
Jagaimo	19115	6
Shirome	18688	2
Lingling	18079	2
Alo!	17834	4
Sonido	17627	10
Mirage	17436	1
Midnight	17407	13
Beatybean	17084	5
Streakz	16961	6
Ryuoh	16698	5
Modzai	16623	7
Frozen	16337	8
Ludo	16278	6
Tropped	16076	5
Luminous	15985	4
Dusk	15855	6
Viri	15702	5
Akio	15684	4
Skittles	15666	3
Sweshi	15371	5
Munekin	15261	6
Jenghi	15006	1
Fruits	14905	3
Anarchy	14744	6
Naytro	14412	5
Seabass	14183	1
Lukewarm	13852	2
Chronos	13804	8
Gatsby	13799	4
Pineda	13795	3
Kenkenpa	13755	1
Sigma	13617	4
Sssr	13612	5
Dany	13482	8
Kingrobo	13351	3
Flippy	13118	4
Atata	13036	5
Raven	12875	4
C.Kaleb	12868	2
Raki	12794	5
Adept	12788	1
Senra	12744	4
Daybreak	12665	4
Stroder Ame	12609	3
Border/Hopper	12542	2
A.Qua	12480	2
Spt	12407	3
Ballsgrab	12311	1
Kreeg	12270	3
Red Oolong	12220	2
Thezek	12201	2
Mfa	12194	9
Senn	12042	11
Pellon	11990	4
Bruho	11903	3
Jeepers	11836	4
Makken	11632	4
Kinaji	11531	7
Rideae	11515	4
Chon	11514	3
Luckily	11467	1
Oats	11287	3
Cobra	11279	1
Captain L	11235	3
Shaine	10721	6
Momon	10709	6
Stronghold	10618	4
Ellego	10416	5
Whisky	9959	3
Peckham	9955	2
Mochi	9902	1
Jaaahsh	9699	6
Mata-Door	9626	6
Ducky	9503	4
Ryuk	9409	4
Tyranks	9153	7
D3 Will	9090	1
Shine	9000	3
Fawn	8943	4
Cipher	8883	2
Tabsoda	8807	5
Gravity	8578	4
Fresh	8519	6
Bwstatic	8498	4
Slashy	8468	5
Sk Evil M.	8400	1
Onex	8221	2
Soar	8078	8
Gswizy	7822	4
Amaryllis	7733	7
Mazebeans	7639	3
Psysilex	7404	2
Merf	7315	7
Spritzy	7167	4
Gorioka	7161	4
Rinku	7124	2
Spickles	7111	7
Rondor	7110	5
The6Master	7034	2
Steffen	6983	7
Psychomyko	6978	1
Rolaw	6950	1
Shady	6898	7
Runamado	6685	2
Kamukono Namaashi Bikyakudoriru	6632	1
Tohru	6480	2
Sumaho	6474	1
Tony Pajamas	6472	6
Puftendo	6355	4
Geemoney$	6293	4
Helpr	6250	4
Shangrai	6173	2
Always	6166	2
Nitty	6105	1
Flip	6040	5
Locolobo	6015	2
Mao	6004	5
Yuzu	5957	4
Karu!	5947	3
Gogetta	5932	2
Sizzler	5888	2
Zexyyy	5852	3
Isohel	5832	1
Midorun	5725	1
Nyaha	5714	1
Yadon	5619	1
Scatt	5573	4
Fuerzadon	5478	2
Bagel	5449	2
Yrneh	5433	1
Rotsuku	5423	2
Tope	5357	4
Gogesta	5349	2
Salvo	5342	2
Lemontea	5278	7
The_Hunter	5277	1
Mossan	5186	2
Mauu	5156	5
Acestarthe3Rd	5096	2
Syphir	4992	3
Moufi	4959	2
Little Dyl	4955	3
Surehyper	4901	5
Longo	4893	8
Firexboy97	4878	2
Glentendo	4871	1
Hybrid?	4819	2
Letitrain	4796	4
Pink Cage	4747	6
Andrewt	4747	3
Wheezer	4739	5
Ryopei	4716	4
Cody	4691	5
Gregorian	4649	1
Towa	4636	4
Morly!	4634	4
Nohoho	4625	2
Mr.Zercon	4587	2
Thass	4581	2
Gimr	4576	1
Ezs	4550	2
Samuel	4528	5
Wonf	4489	4
Dragneel	4468	2
Grymlynn	4450	5
Sneaky768	4436	1
Jennifer	4436	1
Jiggs	4432	5
Tmp Zap	4428	1
Usukeza	4416	1
Jordan	4391	2
Kuuhaku	4346	1
Nizemamo	4331	5
Epic_Gabriel	4327	3
Darkstalker	4284	1
Jojo!	4280	1
Untaymed	4199	3
Etsuji	4146	2
Eleven	4048	3
Ramboss	4033	1
Reelsteal	4026	2
Nagi	4007	1
Melon	3985	2
Kyle	3971	2
Kasawi	3952	4
Nanchan	3941	3
Markiho	3924	1
Oi George	3883	2
Strides	3814	2
Chocolate Jesus	3797	2
Censor	3746	1
Mimo	3734	2
Clovers	3732	3
Ryukai	3715	6
Bestia	3676	3
Awdasea	3669	5
Stocktaker69	3649	4
Turtle Hands	3633	1
Marvelous_Marco	3627	4
Firefly	3617	2
Vivid	3574	6
Marcos	3569	3
Motii	3555	1
Antimony	3528	2
Nuggetz	3510	2
Deepblue	3406	3
Slacker	3402	2
Rem!!!	3355	2
Skipper	3353	2
Omnilax	3334	4
Shurky	3329	1
Tachyon	3325	3
Brando	3320	5
Izuke	3297	1
Naocha	3197	3
Klaatu	3183	3
Ilikepieinmouth	3150	1
Mklaw	3133	1
Stick	3133	2
Kenoca	3069	3
Eking	3049	2
Tavares	3039	4
Kirihara	3027	2
G-Xtreme	3025	6
Lightningcam	3023	3
Chrininja	2945	2
Sora_J	2929	3
Andromeda	2927	3
Osh9	2925	3
Spandex	2924	4
Yaminabe	2923	2
Miso	2909	2
Nitro	2908	4
Gaosan	2895	2
Sled	2891	3
Koopakev	2888	2
Izaiah	2882	3
Roger	2871	2
Nyonoknb	2854	2
Scamp	2852	1
Illusion	2850	3
8Bitman	2840	2
Karumero	2799	2
Die-Gorou	2734	1
Yoshi-O	2712	2
Zartzu	2697	1
Aygoski	2672	1
Volteon	2668	2
Spors	2657	1
Emdy	2650	4
Kafeik	2634	2
Goober707	2623	2
Shiro	2614	2
Pureless	2599	1
Jmafia	2595	3
Yoshisonic	2565	1
Jabes	2548	3
Swain	2461	2
Garou	2453	1
Ferris	2445	1
Jolt	2426	2
Wataru	2413	1
My Dad	2394	1
Radiooyni	2384	2
Sagiri	2372	1
Claw	2337	1
Marumain	2335	1
Applewiz	2321	3
The Big Crunch	2306	2
Polinomis	2284	1
Falcojoe	2272	1
Miaxi	2270	2
Silverhand	2224	1
Cornball	2219	2
Mau!	2194	1
Arkistor	2192	2
Metara	2182	1
Neos	2182	2
Redfox	2171	1
Waiai	2165	1
Padrino	2145	1
Ryanoker	2134	1
Vortex	2128	3
Sensei	2097	2
Aweska	2090	1
D2Da	2066	2
Boodabam	2058	3
Czar	2039	2
K1Ng	2026	2
Mintyflesh	2001	2
Celcha	1990	2
Dany2Theny	1974	3
Striker	1960	2
Amnesty	1950	1
Pajarito	1946	1
Mercurio	1939	1
Zeebee	1928	1
Z1Lv3Rflow	1915	1
Eliakim	1892	1
Uraomote	1890	2
Rawk	1877	2
Flexecution	1846	2
Alexdisc	1842	3
Tonyclackos	1835	2
Zephyr	1833	1
Littn!	1832	2
Jazzy G.	1829	1
Jackie Peanuts	1786	2
Haven	1780	4
Torogu	1778	1
Lammers44	1755	1
Broken	1755	1
Mithos	1750	2
Deliboid	1737	2
Sumgai	1733	3
Aws 10	1729	2
Zeon	1710	2
Sirhunk	1698	2
Nibble	1691	1
Hindsight	1688	2
Eiku	1680	1
Gldy	1656	1
Whisp	1654	1
Spider	1644	2
Pkfreeze	1633	1
Roneo	1627	1
Loucifer	1624	1
Froot	1624	1
Ardeo	1576	2
Drevis	1563	2
Madasti	1562	2
Uame	1557	2
Kenko	1551	1
Astna	1551	1
Azarush	1531	1
Dr. Dunks	1509	1
Ocon	1501	1
Kazuma	1498	1
Ketchup	1497	1
Kylzim	1494	1
Vermilion	1493	1
Blitzzny	1493	1
Nokcha	1490	2
Anbil	1488	1
Onehundred	1488	1
Manzana	1481	2
Salad	1477	2
Viridian	1476	2
Pawnmaster	1467	2
Yukey	1451	1
Clive	1440	1
Lonlonleche	1440	1
Deox6	1431	2
Jeffz	1430	1
Kongo Bongo	1404	1
Seibrik	1402	4
Dakpo	1398	2
Smix	1389	1
Fuwa	1378	1
Kamukonobikyakudoriru	1375	1
Futarinokiwamiahh!!	1375	1
Lemozona	1363	2
Chillychili	1361	1
Liimac	1353	2
Neochronos	1350	2
Numai Japan	1346	1
Dano	1345	1
Platinum V	1341	1
Thanos Car	1341	1
Rokki	1329	2
Afmbot	1327	1
Ferolyo	1319	1
El Tigre Supreme	1318	1
Roninx	1318	1
Jagphlosion	1296	1
Zelther	1295	2
Mgn	1290	1
Lynzle	1290	1
Chicken	1288	1
Sera	1288	1
Matheo	1285	1
Rob Gucci	1283	2
Justin22	1272	2
Ibnk	1269	2
Jboss	1267	1
Jakarot	1263	1
Koromo	1260	2
Riften	1258	2
Tsubbaki	1254	1
Erelys	1249	1
Dr. Shrimp Puerto Rico	1242	1
Blank	1236	1
Woulphy	1233	1
Kuhara	1231	1
Thug Shaker Mind Control	1226	1
Obmcbob	1209	2
Xmas	1206	2
Patrino	1203	2
Ricehead	1200	1
Yamil	1195	1
Disable	1193	1
Pollitopio	1181	1
Bigboss	1174	1
Ariffo	1169	2
Lunia	1164	1
Kenichi	1131	1
Rocke	1120	2
Yamanaito	1114	1
Kingkhan	1105	1
Aaryy	1102	1
Ochoa	1076	1
Elshudo	1072	1
Tornado X	1068	1
Teaser Fan	1067	1
Stilios	1065	2
Derpager	1064	2
Shisui	1061	1
Wooxtom	1054	1
Zenza	1032	1
Magic	1031	2
Sockem16	1028	1
Starz	1020	2
Xetroz	1020	1
Yasha	1020	1
Gokeska	1014	1
Td9000V2	1010	1
I-Oma	1000	1
Gin$Eng	996	1
Epic Gabriel	988	1
Kaim	985	2
Poisonboi	974	1
Freestyles	974	1
Duffy	967	2
Lugia	966	1
Emma	966	1
Krill	956	1
Ohms	952	1
Mkalan	950	1
All4None	949	1
Lukascorn	936	1
Siatomic	936	1
Claus	928	1
Hammerbro	905	1
Bananacho	904	1
Zario	900	1
Addy	899	1
Pacduece	898	1
Rima	886	1
Bici	883	1
Monjero	875	1
Master1801	867	1
Fallen	861	1
Nishiro	860	1
Strawhatkid	859	1
Gotham	859	1
Mzk	858	1
Riven	856	1
Dorb	854	1
Ayatuki	851	1
Arascrub	843	1
Calico	827	1
Smurfposter	824	1
Akko	821	1
Scarab	819	1
Furararamen	819	1
Distortion	811	1
Blitz37	804	1
Anaconda	804	1
Yoyoguy	804	1
Distinctmadness	796	1
Sharpedo43	786	1
Dragonfire	786	1
Onedrive Isn’T Signed In	783	1
Yuzha	766	1
Slapp	761	1
Lazkap	760	1
Shooting Starr	760	1
No8	759	1
Ascro	759	1
Murun	745	1
Lightning Igarashi	745	1
Modori Katsuo	744	1
Shonuff	741	1
Alex2020	736	1
Snoopdan	736	1
Stitch	733	1
Omnaoto	719	1
Yuuri	719	1
Crimsonabe	714	1
Evilgoku	713	1
Redshirt	711	1
Jbonex	708	2
Tomoro	694	1
Teto	694	1
Nikukyu	691	1
Brandai	688	1
Blackplatapus	684	1
Lagaikai	683	1
Sylviris	683	1
Soul Dew	681	1
Khal	676	1
Skitz	668	1
Risktkr	668	1
Janktrees!	666	1
Djshoryu	666	1
Cantolope	659	1
Nerox	655	1
Yoshistar	652	1
Alsoda	652	1
Frosty	647	1
Mallow	647	1
Tacodegerman	643	1
Alpha-Golden	639	1
Dreamless	637	1
Dimitrov	636	1
Avien	636	1
Ashton	632	1
Shori	629	1
Robslayer	629	1
Layra	621	1
Silons	616	1
Archie	615	1
Trade War	614	1
Lao9	610	1
Maitoichi	602	1
Squall	602	1
Furamii	601	1
Gigabenis	598	1
Stache	597	2
Lemonade	597	1
Midasty	594	1
Etanked	585	1
Rel Wood	585	1
Chabi	572	1
Goob Jr	572	1
Strokeallen	570	1
Snack?	566	1
Induced	547	1
Daigoon	544	1
Jairo De Ikimasu	543	1
Sho	543	1
Yuiton	542	1
Jaylunatic	542	1
Rakugaki	541	1
Ankou	541	1
T.Earth	540	1
Kub4444	538	1
Destadik	533	1
Naotya	528	1
Meido	528	1
Roast Beef	528	1
Chachi	510	1
Xurj	510	1
Monkayz	507	1
Cruncho	505	1
Zarberian	502	1
Archmage	493	1
Prom Queen	491	1
Travisty	484	1
Dampe’	482	1
Big Pepsi	482	1
Adachi	482	1
Bigfish	471	1
Stinzy	470	1
Mizunashiakari	467	1
33Peranbox	467	1
Tiny Toasters	467	1
Kaiyo	467	1
Unlucky	467	2
Chowder	466	1
Shirube	465	1
Judheir	463	1
Jagame	460	1
Boarden	459	1
Yuuzutu	456	1
Ritesia	456	1
El Primo De Jiren	453	1
Lubra	453	1
Carnage	453	1
Marcy	448	1
Fizzique	434	1
Theactuary	434	1
Benny	434	1
Electron	434	1
Immortal	432	1
Thebeardydragon	432	1
Zone	430	1
Ozniki	430	1
Guyinred	429	1
Shunning	429	1
Solarsonic	429	1
Vergo	428	1
Octave	424	1
Tsubotsubo	423	1
Tyakku	423	1
Chyako	421	1
Outotsu	421	1
Draver	421	1
Raion	421	1
Ocular	419	1
Nathaniel	411	1
Gkey	411	1
Floppyfail	411	1
Cookedcanard	410	1
Ividal	410	1
Frostbyte	410	1
Ika No Sashimi	408	1
Was Pops Wrong For This?	397	1
Sticccy	394	1
B0At	394	1
Gi Elin	394	1
Clapper	394	1
30G	380	1
Nickname	376	1
Peanutbrittle	374	1
Penguin01	374	1
Istva	372	1
Arcenx	372	1
Louis Dio	372	1
Jrodlsboss	362	1
Ahoinu	361	1
Daidarabocchi	361	1
Rita	357	1
Musubi	356	1
Karflow	354	1
Big Loser	353	1
Shinoyou	352	1
Donra Step	352	1
Sannkottsu	346	1
Kepannga	346	1
T5Cloud9M	344	2
Pucky	343	1
Tamanyaso	342	1
Katsu	341	1
Kyle Lynch	341	1
Conavyseal	337	1
Kennchi	336	1
Sully	333	1
V2Kwame	324	1
Darkforce	324	1
Shupi	324	1
N8Borsclub	322	2
Shokobo	305	1
Yamad	304	1
Poisonous_Paint	297	1
Craigster	297	1
Midorimaru	289	1
Yobasi	288	1
Irohasu	288	1
Miles	288	1
Fliam	288	1
Yuuzutsu	287	1
Mitsuhiko	287	1
Boyka	285	1
Danewo	281	1
Darkeonmaster	270	1
Maxeggs	270	1
Porkodpr	266	1
Grand Pastor J	263	1
Toomuchtm87	246	1
Element :D	231	1
Nhiem	231	1
Sobriquet Soda	230	1
Smokedsam	225	1
Comicartolie	225	1
Peter The Great	221	1
Pacil	221	1
Elixir	218	1
Sweatonly	216	1
Stand Proud	215	1
Weird	192	1
Goldsmith	186	1
Masterjj	178	1
Mckennagracefan25	166	1
Meatballmagician	160	1
Xavier	160	1
Venenoraccoon	151	1
